{
  "episodes": 10,
  "mean_length": 928.1,
  "env_metrics": {
    "distance_to_pad": {
      "mean": 0.223114,
      "std": 0.293866
    },
    "vertical_speed": {
      "mean": -0.50663,
      "std": 1.041583
    },
    "angle": {
      "mean": -0.016673,
      "std": 0.054925
    },
    "angular_velocity": {
      "mean": -0.000286,
      "std": 0.12954
    },
    "leg_contact": {
      "mean": 0.412025,
      "std": 0.492199
    },
    "horizontal_speed": {
      "mean": 0.375729,
      "std": 0.448157
    }
  },
  "timesteps": 800000
}