{
  "episodes": 10,
  "mean_length": 498.6,
  "env_metrics": {
    "distance_to_pad": {
      "mean": 0.47066,
      "std": 0.289796
    },
    "vertical_speed": {
      "mean": -0.893041,
      "std": 1.670208
    },
    "angle": {
      "mean": 0.015512,
      "std": 0.435635
    },
    "angular_velocity": {
      "mean": 0.036308,
      "std": 0.815125
    },
    "leg_contact": {
      "mean": 0.074208,
      "std": 0.262109
    },
    "horizontal_speed": {
      "mean": 1.434745,
      "std": 1.275959
    }
  },
  "timesteps": 400000
}