{
  "episodes": 10,
  "mean_length": 67.5,
  "env_metrics": {
    "distance_to_pad": {
      "mean": 0.964078,
      "std": 0.392823
    },
    "vertical_speed": {
      "mean": -6.964485,
      "std": 4.018825
    },
    "angle": {
      "mean": -0.060722,
      "std": 0.068251
    },
    "angular_velocity": {
      "mean": -0.032361,
      "std": 0.17219
    },
    "leg_contact": {
      "mean": 0.019259,
      "std": 0.137435
    },
    "horizontal_speed": {
      "mean": 1.89257,
      "std": 0.984982
    }
  },
  "timesteps": 1000000
}