{
  "episodes": 10,
  "mean_length": 71.2,
  "env_metrics": {
    "distance_to_pad": {
      "mean": 1.019709,
      "std": 0.387479
    },
    "vertical_speed": {
      "mean": -6.475996,
      "std": 4.382355
    },
    "angle": {
      "mean": 0.008282,
      "std": 0.152213
    },
    "angular_velocity": {
      "mean": -0.005463,
      "std": 0.486745
    },
    "leg_contact": {
      "mean": 0.026685,
      "std": 0.161162
    },
    "horizontal_speed": {
      "mean": 2.310024,
      "std": 1.058865
    }
  },
  "timesteps": 200000
}