{
  "episodes": 10,
  "mean_length": 710.6,
  "env_metrics": {
    "distance_to_pad": {
      "mean": 0.541986,
      "std": 0.344517
    },
    "vertical_speed": {
      "mean": -0.486719,
      "std": 1.484114
    },
    "angle": {
      "mean": -0.007701,
      "std": 0.155526
    },
    "angular_velocity": {
      "mean": 0.000389,
      "std": 0.363448
    },
    "leg_contact": {
      "mean": 0.027019,
      "std": 0.16214
    },
    "horizontal_speed": {
      "mean": 0.687088,
      "std": 0.733291
    }
  },
  "timesteps": 400000
}