{
  "episodes": 10,
  "mean_length": 963.7,
  "env_metrics": {
    "dist_to_pad": {
      "mean": 9.728356,
      "std": 0.588565
    },
    "height": {
      "mean": 2.839274,
      "std": 2.493936
    },
    "angle_abs": {
      "mean": 0.040352,
      "std": 0.056159
    },
    "vert_speed_abs": {
      "mean": 0.50885,
      "std": 0.542204
    },
    "legs_ground": {
      "mean": 0.253087,
      "std": 0.661087
    },
    "survival_fraction": {
      "mean": 0.0,
      "std": 0.0
    }
  },
  "timesteps": 1000000
}