{
  "round0": {
    "episodes": 100,
    "mean_reward": -112.08891834713755,
    "std_reward": 12.664970643576892,
    "min_reward": -148.08377071302567,
    "max_reward": -79.46143691082503,
    "mean_length": 68.24,
    "std_length": 11.122158063973018,
    "success_rate": 0.0,
    "n_success": 0
  },
  "round1": {
    "episodes": 100,
    "mean_reward": -112.57713293234818,
    "std_reward": 12.652927166922604,
    "min_reward": -137.61748071763472,
    "max_reward": -83.20962583465874,
    "mean_length": 71.92,
    "std_length": 12.391674624521094,
    "success_rate": 0.0,
    "n_success": 0
  },
  "round2": {
    "episodes": 100,
    "mean_reward": 56.08145954487516,
    "std_reward": 86.44941110677146,
    "min_reward": -256.36800019843827,
    "max_reward": 280.81513577512203,
    "mean_length": 788.52,
    "std_length": 335.72603354521084,
    "success_rate": 0.08,
    "n_success": 8
  },
  "round3": {
    "episodes": 100,
    "mean_reward": 28.404685201161577,
    "std_reward": 139.0004008400781,
    "min_reward": -242.81610538335556,
    "max_reward": 223.12722995683544,
    "mean_length": 644.47,
    "std_length": 248.11245252909015,
    "success_rate": 0.05,
    "n_success": 5
  },
  "round4": {
    "episodes": 100,
    "mean_reward": 123.55962395000657,
    "std_reward": 105.86090085763601,
    "min_reward": -145.59488173869627,
    "max_reward": 261.14623168848766,
    "mean_length": 678.16,
    "std_length": 167.97557679615213,
    "success_rate": 0.18,
    "n_success": 18
  },
  "round5": {
    "episodes": 100,
    "mean_reward": -111.35899922007724,
    "std_reward": 61.75600382372163,
    "min_reward": -218.35967820522535,
    "max_reward": 190.27587252515843,
    "mean_length": 938.07,
    "std_length": 116.1052328708745,
    "success_rate": 0.0,
    "n_success": 0
  }
}