{
  "episodes": 10,
  "mean_length": 540.3,
  "env_metrics": {
    "distance_to_pad": {
      "mean": 0.301905,
      "std": 0.352015
    },
    "vertical_speed": {
      "mean": -0.870713,
      "std": 1.31897
    },
    "angle": {
      "mean": -0.003937,
      "std": 0.086494
    },
    "angular_velocity": {
      "mean": 0.000394,
      "std": 0.167548
    },
    "leg_contact": {
      "mean": 0.077179,
      "std": 0.266876
    },
    "horizontal_speed": {
      "mean": 0.543594,
      "std": 0.633441
    }
  },
  "timesteps": 1000000
}