{
  "episodes": 10,
  "mean_length": 637.0,
  "env_metrics": {
    "distance_to_pad": {
      "mean": 0.503443,
      "std": 0.30286
    },
    "vertical_speed": {
      "mean": -0.715651,
      "std": 1.21468
    },
    "angle": {
      "mean": 0.011106,
      "std": 0.108224
    },
    "angular_velocity": {
      "mean": 0.001453,
      "std": 0.233578
    },
    "leg_contact": {
      "mean": 0.058556,
      "std": 0.234791
    },
    "horizontal_speed": {
      "mean": 0.528936,
      "std": 0.544807
    }
  },
  "timesteps": 800000
}