{
  "episodes": 10,
  "mean_length": 983.2,
  "env_metrics": {
    "distance_to_pad": {
      "mean": 0.246701,
      "std": 0.319555
    },
    "vertical_speed": {
      "mean": -0.467665,
      "std": 0.793661
    },
    "angle": {
      "mean": -0.003495,
      "std": 0.064563
    },
    "angular_velocity": {
      "mean": 0.000378,
      "std": 0.104271
    },
    "leg_contact": {
      "mean": 0.00417,
      "std": 0.064441
    },
    "horizontal_speed": {
      "mean": 0.487645,
      "std": 0.541947
    }
  },
  "timesteps": 800000
}