{
  "episodes": 10,
  "mean_length": 67.6,
  "env_metrics": {
    "distance_to_pad": {
      "mean": 0.984571,
      "std": 0.370248
    },
    "vertical_speed": {
      "mean": -6.957395,
      "std": 4.080632
    },
    "angle": {
      "mean": 0.040116,
      "std": 0.041059
    },
    "angular_velocity": {
      "mean": 0.013454,
      "std": 0.123569
    },
    "leg_contact": {
      "mean": 0.017751,
      "std": 0.132047
    },
    "horizontal_speed": {
      "mean": 2.598239,
      "std": 0.904998
    }
  },
  "timesteps": 400000
}