{
  "episodes": 10,
  "mean_length": 67.9,
  "env_metrics": {
    "distance_to_pad": {
      "mean": 0.859363,
      "std": 0.42659
    },
    "vertical_speed": {
      "mean": -6.973988,
      "std": 3.638706
    },
    "angle": {
      "mean": -0.398782,
      "std": 1.007871
    },
    "angular_velocity": {
      "mean": -0.850039,
      "std": 1.75803
    },
    "leg_contact": {
      "mean": 0.04271,
      "std": 0.202202
    },
    "horizontal_speed": {
      "mean": 2.348614,
      "std": 1.94332
    }
  },
  "timesteps": 200000
}