{
  "episodes": 10,
  "mean_length": 486.1,
  "env_metrics": {
    "distance_to_pad": {
      "mean": 0.334839,
      "std": 0.393278
    },
    "vertical_speed": {
      "mean": -0.972708,
      "std": 1.333384
    },
    "angle": {
      "mean": 0.01179,
      "std": 0.080103
    },
    "angular_velocity": {
      "mean": 0.000425,
      "std": 0.151928
    },
    "leg_contact": {
      "mean": 0.078585,
      "std": 0.269089
    },
    "horizontal_speed": {
      "mean": 0.47292,
      "std": 0.623467
    }
  },
  "timesteps": 1000000
}