{
  "episodes": 10,
  "mean_length": 70.0,
  "env_metrics": {
    "distance_to_pad": {
      "mean": 0.952586,
      "std": 0.415061
    },
    "vertical_speed": {
      "mean": -6.749495,
      "std": 4.157019
    },
    "angle": {
      "mean": -0.295709,
      "std": 1.023857
    },
    "angular_velocity": {
      "mean": -0.571412,
      "std": 1.760668
    },
    "leg_contact": {
      "mean": 0.018571,
      "std": 0.135006
    },
    "horizontal_speed": {
      "mean": 1.620987,
      "std": 0.939163
    }
  },
  "timesteps": 200000
}