{
  "episodes": 10,
  "mean_length": 859.6,
  "env_metrics": {
    "distance_to_pad": {
      "mean": 0.192197,
      "std": 0.282462
    },
    "vertical_speed": {
      "mean": -0.545445,
      "std": 1.178509
    },
    "angle": {
      "mean": -0.003904,
      "std": 0.060803
    },
    "angular_velocity": {
      "mean": -0.000559,
      "std": 0.22695
    },
    "leg_contact": {
      "mean": 0.480107,
      "std": 0.499604
    },
    "horizontal_speed": {
      "mean": 0.300441,
      "std": 0.487611
    }
  },
  "timesteps": 800000
}