{
  "episodes": 10,
  "mean_length": 84.7,
  "env_metrics": {
    "distance_to_pad": {
      "mean": 0.802039,
      "std": 0.456446
    },
    "vertical_speed": {
      "mean": -5.657814,
      "std": 2.854938
    },
    "angle": {
      "mean": -0.172411,
      "std": 0.526974
    },
    "angular_velocity": {
      "mean": 0.006471,
      "std": 1.030378
    },
    "leg_contact": {
      "mean": 0.040142,
      "std": 0.196291
    },
    "horizontal_speed": {
      "mean": 1.334363,
      "std": 0.953131
    }
  },
  "timesteps": 200000
}